date,bench,perf,nav
2017-09-15,100.0,100.0,100.0
2017-09-18,100.391335,100.27945,100.27945
2017-09-19,100.29924,99.9738,99.9738
2017-09-20,100.334045,99.87774,99.87774
2017-09-21,100.773254,100.38425,100.38425
2017-09-22,100.47713,100.32311,100.32311
2017-09-25,101.62721,101.03048,101.03048
2017-09-26,102.432724,101.842636,101.842636
2017-09-27,102.97115,102.93424,102.93424
2017-09-28,102.60367,102.62859,102.62859
2017-09-29,102.49589,102.78578,102.78578
2017-10-02,103.87822,104.06078,104.06078
2017-10-03,103.962906,104.16557,104.16557
2017-10-04,103.99245,104.183044,104.183044
2017-10-05,104.86817,104.88167,104.88167
2017-10-06,104.43824,104.715744,104.715744
2017-10-09,104.076515,104.51489,104.51489
2017-10-10,103.76919,104.034584,104.034584
2017-10-11,103.53375,103.81626,103.81626
2017-10-12,103.13322,103.859924,103.859924
2017-10-13,103.20873,104.25291,104.25291
2017-10-16,103.67623,104.56728,104.56728
2017-10-17,104.06782,104.78561,104.78561
2017-10-18,103.944855,104.610954,104.610954
2017-10-19,103.401985,104.22671,104.22671
2017-10-20,104.58201,105.42311,105.42311
2017-10-23,104.62801,105.77242,105.77242
2017-10-24,104.63006,105.76369,105.76369
2017-10-25,103.60433,104.87294,104.87294
2017-10-26,104.75108,105.90341,105.90341
2017-10-27,105.85806,107.22208,107.22208
2017-10-30,104.86502,106.13047,106.13047
2017-10-31,104.72262,106.03441,106.03441
2017-11-02,104.82725,106.00821,106.00821
2017-11-03,105.40496,106.60204,106.60204
2017-11-06,105.84141,107.16095,107.16095
2017-11-07,105.716225,107.00375,107.00375
2017-11-08,105.60315,107.31814,107.31814
2017-11-09,104.99386,106.645706,106.645706
2017-11-10,104.508064,106.46232,106.46232
2017-11-13,104.574524,106.68937,106.68937
2017-11-14,103.42895,105.894684,105.894684
2017-11-15,102.63217,104.90787,104.90787
2017-11-16,103.56595,105.92961,105.92961
2017-11-17,103.40334,106.03441,106.03441
2017-11-20,103.79611,106.8029,106.8029
2017-11-21,104.4062,107.422935,107.422935
2017-11-22,103.83457,106.497246,106.497246
2017-11-23,103.3438,105.990746,105.990746
2017-11-24,102.564674,105.34451,105.34451
2017-11-27,102.54258,105.519165,105.519165
2017-11-28,104.39019,107.449135,107.449135
2017-11-29,105.36944,107.955635,107.955635
2017-11-30,105.360985,108.04297,108.04297
2017-12-01,105.91725,108.22636,108.22636
2017-12-04,106.557655,108.45341,108.45341
2017-12-05,106.00884,108.12156,108.12156
2017-12-06,106.08894,108.558205,108.558205
2017-12-07,106.298164,108.96865,108.96865
2017-12-08,107.290016,110.07772,110.07772
2017-12-11,107.15546,109.65855,109.65855
2017-12-12,108.06714,110.28731,110.28731
2017-12-13,107.494545,110.05152,110.05152
2017-12-14,106.751656,109.63235,109.63235
2017-12-15,107.737495,110.89861,110.89861
2017-12-18,107.9504,111.116936,111.116936
2017-12-19,107.58446,110.994675,110.994675
2017-12-20,106.94334,110.40084,110.40084
2017-12-21,107.639565,110.55803,110.55803
2017-12-22,107.86977,110.89861,110.89861
2017-12-27,107.337,110.645355,110.645355
2017-12-28,107.22062,110.418304,110.418304
2017-12-29,106.09091,109.23064,109.23064
2018-01-02,106.38377,109.11711,109.11711
2018-01-03,106.97918,109.82447,109.82447
2018-01-04,106.9192,109.937996,109.937996
2018-01-05,107.670074,111.09074,111.09074
2018-01-08,108.35774,111.88542,111.88542
2018-01-09,108.86176,112.76744,112.76744
2018-01-10,108.36537,112.15614,112.15614
2018-01-11,108.64656,112.549126,112.549126
2018-01-12,108.389145,112.72378,112.72378
2018-01-15,107.27272,111.544846,111.544846
2018-01-16,107.252205,111.213,111.213
2018-01-17,107.96906,112.49673,112.49673
2018-01-18,107.660904,112.226006,112.226006
2018-01-19,108.27901,113.431145,113.431145
2018-01-22,108.95705,114.17343,114.17343
2018-01-23,108.59436,113.94638,113.94638
2018-01-24,107.94625,112.76744,112.76744
2018-01-25,106.88601,111.6933,111.6933
2018-01-26,108.54412,113.78919,113.78919
2018-01-29,108.51229,113.30888,113.30888
2018-01-30,106.71803,111.46625,111.46625
2018-01-31,106.173874,110.820015,110.820015
2018-02-01,106.35717,110.88115,110.88115
2018-02-02,104.33773,108.732864,108.732864
2018-02-05,100.1255,104.13937,104.13937
2018-02-06,101.97053,106.55838,106.55838
2018-02-07,102.1804,107.099815,107.099815
2018-02-08,98.97911,103.03904,103.03904
2018-02-09,100.2774,104.61968,104.61968
2018-02-12,101.27824,105.720024,105.720024
2018-02-13,100.834915,105.65016,105.65016
2018-02-14,101.72307,107.11728,107.11728
2018-02-15,102.12823,107.728584,107.728584
2018-02-16,102.582184,108.06043,108.06043
2018-02-19,103.01255,108.49708,108.49708
2018-02-20,102.5756,108.20889,108.20889
2018-02-21,102.076126,107.81591,107.81591
2018-02-22,102.00702,107.66745,107.66745
2018-02-23,103.76782,109.387825,109.387825
2018-02-26,105.017456,110.592964,110.592964
2018-02-27,104.14538,109.667274,109.667274
2018-02-28,103.19112,108.96865,108.96865
2018-03-01,102.18913,107.71112,107.71112
2018-03-02,101.62782,107.152214,107.152214
2018-03-05,102.671455,108.39228,108.39228
2018-03-06,102.309586,108.34862,108.34862
2018-03-07,102.09632,108.41848,108.41848
2018-03-08,103.038475,109.510086,109.510086
2018-03-09,104.79835,111.448784,111.448784
2018-03-12,104.60965,110.98594,110.98594
2018-03-13,103.385155,109.98166,109.98166
2018-03-14,102.95243,109.46642,109.46642
2018-03-15,103.1098,109.693474,109.693474
2018-03-16,103.828445,110.60169,110.60169
2018-03-19,102.196045,109.160774,109.160774
2018-03-20,102.5882,110.09519,110.09519
2018-03-21,102.78034,109.86813,109.86813
2018-03-22,100.02317,106.55838,106.55838
2018-03-23,97.59452,103.94725,103.94725
2018-03-26,99.20268,105.95581,105.95581
2018-03-27,98.5191,104.57602,104.57602
2018-03-28,98.85471,104.960266,104.960266
2018-03-29,100.475266,106.75923,106.75923
2018-04-03,99.83908,105.99947,105.99947
2018-04-04,100.57137,107.09109,107.09109
2018-04-05,101.90264,108.252556,108.252556
2018-04-06,99.58722,105.42311,105.42311
2018-04-09,99.50844,105.012665,105.012665
2018-04-10,100.70751,106.31386,106.31386
2018-04-11,99.94586,105.23099,105.23099
2018-04-12,101.21547,106.53218,106.53218
2018-04-13,100.82832,105.87721,105.87721
2018-04-16,101.30968,106.62824,106.62824
2018-04-17,102.00028,107.78971,107.78971
2018-04-18,101.812515,107.77225,107.77225
2018-04-19,101.622345,107.22208,107.22208
2018-04-20,101.81083,107.18714,107.18714
2018-04-23,102.372604,107.76351,107.76351
2018-04-24,101.76657,106.50598,106.50598
2018-04-25,102.320724,107.10855,107.10855
2018-04-26,103.20917,108.45341,108.45341
2018-04-27,103.37671,108.811455,108.811455
2018-04-30,102.56786,107.955635,107.955635
2018-05-02,102.60783,107.54519,107.54519
2018-05-03,102.131805,107.2832,107.2832
2018-05-04,103.47199,108.785255,108.785255
2018-05-07,103.84728,109.02978,109.02978
2018-05-08,104.364655,109.8594,109.8594
2018-05-09,105.35665,110.793816,110.793816
2018-05-11,105.73929,111.2392,111.2392
2018-05-14,105.66019,110.994675,110.994675
2018-05-15,106.11462,111.61471,111.61471
2018-05-16,107.22023,113.03816,113.03816
2018-05-17,107.212204,113.09929,113.09929
2018-05-18,106.914116,113.21282,113.21282
2018-05-22,107.501526,113.78919,113.78919
2018-05-23,108.10624,114.92446,114.92446
2018-05-24,107.51324,114.907,114.907
2018-05-25,107.73316,115.291245,115.291245
2018-05-28,108.04329,115.60562,115.60562
2018-05-29,107.01391,114.837135,114.837135
2018-05-30,108.18562,115.83268,115.83268
2018-05-31,106.70052,113.92018,113.92018
2018-06-01,107.68314,115.4397,115.4397
2018-06-04,107.57522,116.01607,116.01607
2018-06-05,107.691986,116.87189,116.87189
2018-06-06,107.63867,116.6885,116.6885
2018-06-07,107.23924,116.29552,116.29552
2018-06-08,108.49098,117.56178,117.56178
2018-06-11,108.17567,117.256134,117.256134
2018-06-12,108.30289,117.59672,117.59672
2018-06-13,107.90833,116.86316,116.86316
2018-06-14,108.973946,118.01589,118.01589
2018-06-15,109.16401,118.662125,118.662125
2018-06-18,108.883286,118.31281,118.31281
2018-06-19,109.10622,118.085754,118.085754
2018-06-20,109.016304,117.954765,117.954765
2018-06-21,108.09299,116.828224,116.828224
2018-06-22,108.35406,116.16453,116.16453
2018-06-25,106.823235,114.383026,114.383026
2018-06-26,107.11943,114.50529,114.50529
2018-06-27,107.12738,113.64073,113.64073
2018-06-28,107.76697,114.53148,114.53148
2018-06-29,106.88855,113.66693,113.66693
2018-07-02,107.55173,114.75854,114.75854
2018-07-03,107.024475,113.885254,113.885254
2018-07-04,107.069336,113.92892,113.92892
2018-07-05,107.2898,114.15597,114.15597
2018-07-06,107.495766,114.37429,114.37429
2018-07-09,108.39906,115.692955,115.692955
2018-07-10,109.14775,116.35665,116.35665
2018-07-11,108.16983,115.50956,115.50956
2018-07-12,108.98931,116.400314,116.400314
2018-07-13,109.084305,116.78456,116.78456
2018-07-16,108.73973,116.225655,116.225655
2018-07-17,109.19061,117.31727,117.31727
2018-07-18,109.934616,118.31281,118.31281
2018-07-19,109.875244,118.17309,118.17309
2018-07-20,108.72104,117.002884,117.002884
2018-07-23,109.0259,117.13387,117.13387
2018-07-24,109.409645,117.13387,117.13387
2018-07-25,110.26153,118.784386,118.784386
2018-07-26,110.92575,119.45682,119.45682
2018-07-27,110.68402,118.959045,118.959045
2018-07-30,110.31606,117.404594,117.404594
2018-07-31,110.82549,118.56606,118.56606
2018-08-01,110.50642,117.89363,117.89363
2018-08-02,111.21192,119.02891,119.02891
2018-08-03,112.130264,119.517944,119.517944
2018-08-06,112.7243,120.216576,120.216576
2018-08-07,112.66504,120.4873,120.4873
2018-08-08,112.43172,120.41743,120.41743
2018-08-09,112.50061,120.42616,120.42616
2018-08-10,113.1036,121.16846,121.16846
2018-08-13,112.573875,120.88027,120.88027
2018-08-14,113.70219,122.207664,122.207664
2018-08-16,113.9981,122.2688,122.2688
2018-08-17,114.35867,122.61811,122.61811
2018-08-20,114.5024,123.08968,123.08968
2018-08-21,113.97396,122.57445,122.57445
2018-08-22,112.93349,121.26452,121.26452
2018-08-23,112.79001,121.26452,121.26452
2018-08-24,112.78546,121.34312,121.34312
2018-08-27,113.10418,121.64003,121.64003
2018-08-28,112.67403,121.15099,121.15099
2018-08-29,113.1629,121.72736,121.72736
2018-08-30,112.85779,121.44791,121.44791
2018-08-31,113.01004,121.93695,121.93695
2018-09-03,113.09157,122.00681,122.00681
2018-09-04,113.54396,122.84517,122.84517
2018-09-05,113.21385,122.03301,122.03301
2018-09-06,112.77099,121.805954,121.805954
2018-09-07,112.96621,121.779755,121.779755
2018-09-10,113.00027,122.05921,122.05921
2018-09-11,113.21228,122.37359,122.37359
2018-09-12,112.94276,121.81469,121.81469
2018-09-13,112.893524,121.86709,121.86709
2018-09-14,113.16132,122.48712,122.48712
2018-09-17,112.810165,121.5789,121.5789
2018-09-18,113.16229,122.129074,122.129074
2018-09-19,113.7597,122.3474,122.3474
2018-09-20,113.79314,122.39979,122.39979
2018-09-21,113.86819,122.61811,122.61811
2018-09-24,112.74332,121.17719,121.17719
2018-09-25,112.3576,120.95887,120.95887
2018-09-26,112.0194,120.95887,120.95887
2018-09-27,112.7016,121.6313,121.6313
2018-09-28,113.364525,122.39106,122.39106
2018-10-01,114.01926,122.87137,122.87137
2018-10-02,114.53681,122.8801,122.8801
2018-10-03,114.80873,123.32547,123.32547
2018-10-04,114.78585,122.44345,122.44345
2018-10-05,114.511284,122.05921,122.05921
2018-10-08,115.29273,122.58318,122.58318
2018-10-09,114.996895,122.04174,122.04174
2018-10-10,111.46529,117.21247,117.21247
2018-10-11,108.429504,114.20837,114.20837
2018-10-12,109.05995,115.48336,115.48336
2018-10-15,108.60725,114.88953,114.88953
2018-10-16,110.45267,117.326,117.326
2018-10-17,111.15008,117.675316,117.675316
2018-10-18,110.43638,116.41778,116.41778
2018-10-19,110.49779,115.719154,115.719154
2018-10-22,109.75282,115.62309,115.62309
2018-10-23,109.24547,114.74107,114.74107
2018-10-24,107.15377,112.14741,112.14741
2018-10-25,108.61115,113.92018,113.92018
2018-10-26,107.247154,112.43559,112.43559
2018-10-29,107.26255,112.17361,112.17361
2018-10-30,109.276375,114.50529,114.50529
2018-10-31,110.138855,115.63182,115.63182
2018-11-02,110.36774,116.26059,116.26059
2018-11-05,111.288795,116.87189,116.87189
2018-11-06,111.7554,117.378395,117.378395
2018-11-07,112.81518,119.00271,119.00271
2018-11-08,113.0698,119.413155,119.413155
2018-11-09,113.10131,119.32582,119.32582
2018-11-12,112.49707,118.47,118.47
2018-11-13,112.03945,118.01589,118.01589
2018-11-14,111.04094,116.87189,116.87189
2018-11-15,111.99208,117.91983,117.91983
2018-11-16,111.81749,117.39586,117.39586
2018-11-19,110.597435,115.03799,115.03799
2018-11-20,108.975914,113.256485,113.256485
2018-11-21,109.408394,113.94638,113.94638
2018-11-22,109.28375,113.815384,113.815384
2018-11-23,109.24665,114.07737,114.07737
2018-11-26,110.65423,115.666756,115.666756
2018-11-27,111.40814,116.32172,116.32172
2018-11-28,113.267166,119.04637,119.04637
2018-11-29,111.993195,117.49192,117.49192
2018-11-30,113.41577,119.14243,119.14243
2018-12-03,114.03767,119.75373,119.75373
2018-12-04,110.73719,115.86761,115.86761
2018-12-05,110.84024,115.972404,115.972404
2018-12-06,109.9002,115.16025,115.16025
2018-12-07,107.885056,112.505455,112.505455
2018-12-10,108.0227,112.66265,112.66265
2018-12-11,107.84836,112.76744,112.76744
2018-12-12,107.80603,113.16042,113.16042
2018-12-13,107.90908,112.9421,112.9421
2018-12-14,106.7499,111.51865,111.51865
2018-12-17,104.35298,108.90752,108.90752
2018-12-18,103.60004,108.706665,108.706665
2018-12-19,101.78648,106.549644,106.549644
2018-12-20,100.37977,104.87294,104.87294
2018-12-21,98.87412,103.152565,103.152565
2018-12-24,95.966095,100.55017,100.55017
2018-12-27,100.99615,106.53218,106.53218
2018-12-28,100.65412,106.04314,106.04314
2018-12-31,101.477936,107.099815,107.099815
2019-01-02,102.2958,107.78971,107.78971
2019-01-03,100.2162,104.92533,104.92533
2019-01-04,103.00141,108.31368,108.31368
2019-01-07,103.08001,108.61933,108.61933
2019-01-08,104.11859,109.763336,109.763336
2019-01-09,103.87353,109.78081,109.78081
2019-01-10,104.228874,110.07772,110.07772
2019-01-11,104.84837,110.46197,110.46197
2019-01-14,104.571045,110.00786,110.00786
2019-01-15,105.56498,111.17806,111.17806
2019-01-16,106.370346,111.7719,111.7719
2019-01-17,107.31258,112.89844,112.89844
2019-01-18,108.83598,114.70614,114.70614
2019-01-21,108.84586,114.6974,114.6974
2019-01-22,107.6406,113.47481,113.47481
2019-01-23,107.69034,113.631996,113.631996
2019-01-24,108.02316,114.00751,114.00751
2019-01-25,108.22999,114.60134,114.60134
2019-01-28,107.45673,113.64073,113.64073
2019-01-29,107.86551,114.02498,114.02498
2019-01-30,108.69454,115.08165,115.08165
2019-01-31,108.90015,115.03799,115.03799
2019-02-01,109.379425,115.52703,115.52703
2019-02-04,110.082565,116.653564,116.653564
2019-02-05,110.47469,117.58798,117.58798
2019-02-06,110.659386,117.97223,117.97223
2019-02-07,110.031685,117.43952,117.43952
2019-02-08,110.30031,117.8849,117.8849
2019-02-11,111.004845,118.64466,118.64466
2019-02-12,112.06359,119.83233,119.83233
2019-02-13,112.5554,120.496025,120.496025
2019-02-14,112.32799,120.3825,120.3825
2019-02-15,114.01657,121.98935,121.98935
2019-02-18,113.57865,121.500305,121.500305
2019-02-19,113.6059,121.26452,121.26452
2019-02-20,113.80506,121.220856,121.220856
2019-02-21,113.4746,120.86281,120.86281
2019-02-22,114.00333,121.73609,121.73609
2019-02-25,114.08436,121.48284,121.48284
2019-02-26,113.73001,121.31692,121.31692
2019-02-27,113.51083,120.897736,120.897736
2019-02-28,113.15871,120.59209,120.59209
2019-03-01,113.77359,121.10733,121.10733
2019-03-04,113.99917,120.88027,120.88027
2019-03-05,113.936295,120.819145,120.819145
2019-03-06,112.95182,119.71007,119.71007
2019-03-07,113.14961,119.614006,119.614006
2019-03-08,112.81937,119.12497,119.12497
2019-03-11,114.32165,120.801674,120.801674
2019-03-12,114.11655,120.4087,120.4087
2019-03-13,114.526215,120.85407,120.85407
2019-03-14,114.51304,120.85407,120.85407
2019-03-15,114.78363,121.30818,121.30818
2019-03-18,115.14496,121.648766,121.648766
2019-03-19,114.74868,121.299446,121.299446
2019-03-20,113.869225,120.08558,120.08558
2019-03-21,114.75717,121.124794,121.124794
2019-03-22,113.49594,119.614006,119.614006
2019-03-25,112.88887,119.05511,119.05511
2019-03-26,114.420334,120.4349,120.4349
2019-03-27,114.24323,120.74055,120.74055
2019-03-28,114.79258,121.51777,121.51777
2019-03-29,115.417984,122.43472,122.43472
2019-04-01,116.84851,124.111435,124.111435
2019-04-02,116.87945,124.32102,124.32102
2019-04-03,116.59654,124.39961,124.39961
2019-04-04,117.12795,125.01092,125.01092
2019-04-05,117.60447,125.48249,125.48249
2019-04-08,117.27841,124.89739,124.89739
2019-04-09,116.33282,123.657326,123.657326
2019-04-10,116.9839,124.60047,124.60047
2019-04-11,116.885216,124.53061,124.53061
2019-04-12,117.37888,124.914856,124.914856
2019-04-15,117.197525,124.74893,124.74893
2019-04-16,117.49186,125.17684,125.17684
2019-04-17,117.06991,124.714,124.714
2019-04-18,117.738495,125.74448,125.74448
2019-04-23,118.8034,126.853546,126.853546
2019-04-24,118.65784,126.78368,126.78368
2019-04-25,119.01577,126.78368,126.78368
2019-04-26,119.332405,127.32513,127.32513
2019-04-29,119.46207,127.28146,127.28146
2019-04-30,119.68099,127.29893,127.29893
2019-05-02,118.69006,126.31211,126.31211
2019-05-03,119.67375,127.12427,127.12427
2019-05-06,119.07693,126.478035,126.478035
2019-05-07,117.39973,124.14636,124.14636
2019-05-08,116.90469,123.86691,123.86691
2019-05-10,116.86667,123.62239,123.62239
2019-05-13,114.542366,120.365036,120.365036
2019-05-14,115.69732,121.779755,121.779755
2019-05-15,115.921364,122.30373,122.30373
2019-05-16,117.175285,123.639854,123.639854
2019-05-17,116.80268,123.29054,123.29054
2019-05-20,116.32419,122.66177,122.66177
2019-05-21,117.087234,123.70972,123.70972
2019-05-22,116.91386,123.43027,123.43027
2019-05-23,115.70119,122.06794,122.06794
2019-05-24,115.426186,121.674965,121.674965
2019-05-27,115.55033,121.78849,121.78849
2019-05-28,114.361,120.522224,120.522224
2019-05-29,113.974,120.17291,120.17291
2019-05-31,112.528755,118.662125,118.662125
2019-06-03,112.91508,118.932846,118.932846
2019-06-04,114.7321,121.13352,121.13352
2019-06-05,115.11842,121.59637,121.59637
2019-06-06,115.548004,121.77103,121.77103
2019-06-07,115.52734,122.1902,122.1902
2019-06-11,116.16238,122.74037,122.74037
2019-06-12,115.86736,122.58318,122.58318
2019-06-13,116.90043,123.70972,123.70972
2019-06-14,117.2387,124.0765,124.0765
2019-06-17,117.03571,123.58746,123.58746
2019-06-18,118.54261,125.15064,125.15064
2019-06-19,118.50577,125.2991,125.2991
2019-06-20,118.75101,125.395164,125.395164
2019-06-21,118.32029,124.60921,124.60921
2019-06-24,117.34268,123.39534,123.39534
2019-06-25,116.88887,122.69671,122.69671
2019-06-26,116.55296,122.44345,122.44345
2019-06-27,117.1692,123.29928,123.29928
2019-06-28,117.95205,123.77085,123.77085
2019-07-01,119.30559,125.41263,125.41263
2019-07-02,119.69456,125.87547,125.87547
2019-07-03,120.740944,127.351326,127.351326
2019-07-04,120.735504,127.34259,127.34259
2019-07-05,121.24357,127.8753,127.8753
2019-07-08,120.78649,127.36879,127.36879
2019-07-09,120.84622,127.28146,127.28146
2019-07-10,120.627975,126.827354,126.827354
2019-07-11,120.81328,127.19413,127.19413
2019-07-12,121.441795,128.49533,128.49533
2019-07-15,121.14557,128.47786,128.47786
2019-07-16,121.25159,129.11536,129.11536
2019-07-17,120.276924,127.8753,127.8753
2019-07-18,120.99761,128.69618,128.69618
2019-07-19,120.39086,127.94516,127.94516
2019-07-22,120.37855,127.86656,127.86656
2019-07-23,122.14601,129.53455,129.53455
2019-07-24,122.8711,130.75714,130.75714
2019-07-25,122.16223,130.06725,130.06725
2019-07-26,123.14088,131.64789,131.64789
2019-07-29,122.93563,131.47324,131.47324
2019-07-30,122.77328,130.83574,130.83574
2019-07-31,121.579155,129.64807,129.64807
2019-08-01,120.76558,128.37306,128.37306
2019-08-02,119.68482,126.923416,126.923416
2019-08-05,115.64167,122.164,122.164
2019-08-06,116.84364,123.639854,123.639854
2019-08-07,116.2987,123.35167,123.35167
2019-08-08,118.37214,125.770676,125.770676
2019-08-09,117.58184,124.923584,124.923584
2019-08-12,115.85,122.8277,122.8277
2019-08-13,117.44137,125.13318,125.13318
2019-08-14,114.50376,121.05493,121.05493
2019-08-16,116.97323,123.360405,123.360405
2019-08-19,118.32863,124.87119,124.87119
2019-08-20,117.29607,123.52633,123.52633
2019-08-21,117.979225,124.45201,124.45201
2019-08-22,118.253685,124.792595,124.792595
2019-08-23,115.05859,120.74928,120.74928
2019-08-26,116.02202,121.84962,121.84962
2019-08-27,115.53787,120.98507,120.98507
2019-08-28,116.81696,122.30373,122.30373
2019-08-29,118.29712,123.90184,123.90184
2019-08-30,119.20468,124.74893,124.74893
2019-09-02,119.69434,125.246704,125.246704
2019-09-03,119.19495,124.617935,124.617935
2019-09-04,119.77051,125.31657,125.31657
2019-09-05,120.919586,127.133,127.133
2019-09-06,121.19827,127.63951,127.63951
2019-09-09,122.05994,128.23334,128.23334
2019-09-10,122.94598,128.67871,128.67871
2019-09-11,124.4049,130.12837,130.12837
2019-09-12,124.19116,129.75285,129.75285
2019-09-13,123.75998,128.8359,128.8359
2019-09-16,124.57598,129.35988,129.35988
2019-09-17,123.93339,128.90578,128.90578
2019-09-18,123.80384,128.80098,128.80098
2019-09-19,123.61521,128.64378,128.64378
2019-09-20,123.84129,128.60886,128.60886
2019-09-23,124.084854,128.92323,128.92323
2019-09-24,123.18248,127.96262,127.96262
2019-09-25,124.23607,128.9669,128.9669
2019-09-26,124.00443,128.84464,128.84464
2019-09-27,123.76442,128.53026,128.53026
2019-09-30,124.63356,129.91878,129.91878
2019-10-01,122.57247,126.97581,126.97581
2019-10-02,120.151955,123.82325,123.82325
2019-10-03,120.37306,123.90184,123.90184
2019-10-04,121.98348,125.71828,125.71828
2019-10-07,121.22767,125.05458,125.05458
2019-10-08,119.67397,123.26434,123.26434
2019-10-09,120.32043,124.1813,124.1813
2019-10-10,120.80966,124.65287,124.65287
2019-10-11,121.92941,126.00646,126.00646
2019-10-14,121.761444,125.858,125.858
2019-10-15,122.64498,126.99328,126.99328
2019-10-16,122.347496,126.5479,126.5479
2019-10-17,122.00343,126.373245,126.373245
2019-10-18,121.662834,126.24225,126.24225
2019-10-21,122.50211,126.84482,126.84482
2019-10-22,122.9202,126.42564,126.42564
2019-10-23,123.44015,126.83608,126.83608
2019-10-24,123.29445,127.08934,127.08934
2019-10-25,123.98671,127.55218,127.55218
2019-10-28,124.30883,128.03249,128.03249
2019-10-29,124.29307,128.29448,128.29448
2019-10-30,124.350975,128.11981,128.11981
2019-10-31,123.43202,126.75749,126.75749
2019-11-04,125.2301,128.24208,128.24208
2019-11-05,126.18712,129.6568,129.6568
2019-11-06,126.312225,130.23317,130.23317
2019-11-07,127.028046,131.25491,131.25491
2019-11-08,127.68306,131.75269,131.75269
2019-11-11,127.10102,131.51689,131.51689
2019-11-12,127.38318,132.00594,132.00594
2019-11-13,127.5176,131.80508,131.80508
2019-11-14,127.45415,132.32906,132.32906
2019-11-15,127.703865,132.69583,132.69583
2019-11-18,127.38278,132.23299,132.23299
2019-11-19,127.136,131.88368,131.88368
2019-11-20,126.916756,131.19379,131.19379
2019-11-21,126.852806,130.827,130.827
2019-11-22,127.77992,132.03214,132.03214
2019-11-25,128.63506,133.3508,133.3508
2019-11-26,128.75404,133.8049,133.8049
2019-11-27,129.32957,134.4948,134.4948
2019-11-28,129.24704,134.40747,134.40747
2019-11-29,128.51859,133.44685,133.44685
2019-12-02,127.22627,131.63043,131.63043
2019-12-03,126.097275,129.98865,129.98865
2019-12-04,127.02439,131.08026,131.08026
2019-12-05,127.143555,131.17632,131.17632
2019-12-06,128.80554,132.78316,132.78316
2019-12-09,128.27542,132.39891,132.39891
2019-12-10,127.89296,132.06706,132.06706
2019-12-11,128.13147,132.1806,132.1806
2019-12-12,129.26448,133.65645,133.65645
2019-12-13,128.63875,132.86176,132.86176
2019-12-16,129.4739,133.4556,133.4556
2019-12-17,129.39531,133.1936,133.1936
2019-12-18,129.54578,133.38573,133.38573
2019-12-19,129.99841,133.8573,133.8573
2019-12-20,131.11563,134.99258,134.99258
2019-12-23,131.09367,134.59087,134.59087
2019-12-24,131.04512,134.58214,134.58214
2019-12-27,130.54002,133.97083,133.97083
2019-12-30,129.46242,132.92288,132.92288
2019-12-31,129.67647,133.03642,133.03642
2020-01-02,130.44554,134.0407,134.0407
2020-01-03,129.89912,133.35953,133.35953
2020-01-06,129.75089,133.28093,133.28093
2020-01-07,129.86732,133.51672,133.51672
2020-01-08,130.35602,134.521,134.521
2020-01-09,131.14124,135.39429,135.39429
2020-01-10,130.50838,134.80919,134.80919
2020-01-13,130.98611,135.24583,135.24583
2020-01-14,131.2947,135.77853,135.77853
2020-01-15,130.95003,135.70868,135.70868
2020-01-16,131.99136,137.1234,137.1234
2020-01-17,132.889,138.23247,138.23247
2020-01-20,133.03792,138.36346,138.36346
2020-01-21,132.2877,137.34172,137.34172
2020-01-22,132.60907,137.76962,137.76962
2020-01-23,132.87064,138.03162,138.03162
2020-01-24,131.83263,136.5383,136.5383
2020-01-27,130.17043,134.29395,134.29395
2020-01-28,131.18484,135.91826,135.91826
2020-01-29,130.6322,135.29823,135.29823
2020-01-30,130.80501,135.64754,135.64754
2020-01-31,127.99498,132.23299,132.23299
2020-02-03,128.70729,133.1674,133.1674
2020-02-04,130.46645,135.29823,135.29823
2020-02-05,133.01752,138.53812,138.53812
2020-02-06,133.32237,139.19308,139.19308
2020-02-07,132.7592,138.70404,138.70404
2020-02-10,133.72563,139.9441,139.9441
2020-02-11,134.34953,141.01825,141.01825
2020-02-12,135.0539,142.31071,142.31071
2020-02-13,135.31561,142.81721,142.81721
2020-02-14,135.2513,142.66876,142.66876
2020-02-17,135.43907,142.84341,142.84341
2020-02-18,134.74886,142.32819,142.32819
2020-02-19,135.49826,143.06174,143.06174
2020-02-20,135.37076,143.09668,143.09668
2020-02-21,134.11887,141.25404,141.25404
2020-02-24,130.14862,136.3287,136.3287
2020-02-25,126.05288,131.38591,131.38591
2020-02-26,124.91113,129.8926,129.8926
2020-02-27,118.2872,122.906296,122.906296
2020-02-28,116.50896,120.496025,120.496025
2020-03-02,119.91019,124.60047,124.60047
2020-03-03,116.28695,120.2777,120.2777
2020-03-04,121.30015,125.74448,125.74448
2020-03-05,116.72988,120.32137,120.32137
2020-03-06,113.391815,117.19501,117.19501
2020-03-09,102.952965,107.09109,107.09109
2020-03-10,108.14967,112.67138,112.67138
2020-03-11,103.15195,106.977554,106.977554
2020-03-12,94.50943,96.02655,96.02655
2020-03-13,103.300224,105.816086,105.816086
2020-03-16,90.83513,91.77364,91.77364
2020-03-17,98.079384,97.17928,97.17928
2020-03-18,93.34749,91.09248,91.09248
2020-03-19,94.381386,92.09676,92.09676
2020-03-20,90.22108,88.027245,88.027245
2020-03-23,85.91826,83.79181,83.79181
2020-03-24,93.763565,92.52467,92.52467
2020-03-25,95.146255,95.20566,95.20566
2020-03-26,99.58557,99.47603,99.47603
2020-03-27,96.33458,95.6423,95.6423
2020-03-30,99.648735,98.66387,98.66387
2020-03-31,98.27689,97.196754,97.196754
2020-04-01,94.329895,92.93511,92.93511
2020-04-02,97.44249,94.24504,94.24504
2020-04-03,96.588524,92.873985,92.873985
2020-04-06,102.839745,99.93887,99.93887
2020-04-07,102.15737,99.55463,99.55463
2020-04-08,106.29125,103.26609,103.26609
2020-04-09,107.88105,103.75513,103.75513
2020-04-14,107.83775,104.45376,104.45376
2020-04-15,105.0316,102.13955,102.13955
2020-04-16,105.21285,103.17003,103.17003
2020-04-17,108.82553,106.31386,106.31386
2020-04-20,106.602554,104.14811,104.14811
2020-04-21,103.90393,101.16147,101.16147
2020-04-22,105.87571,103.14383,103.14383
2020-04-23,105.88176,102.88184,102.88184
2020-04-24,107.31562,104.610954,104.610954
2020-04-27,109.418274,106.995026,106.995026
2020-04-28,110.09743,107.75478,107.75478
2020-04-29,112.23733,110.63663,110.63663
2020-04-30,108.83931,107.23081,107.23081
2020-05-04,105.7587,103.99965,103.99965
2020-05-05,107.01573,105.30958,105.30958
2020-05-06,105.772194,104.59348,104.59348
2020-05-07,106.964386,106.30512,106.30512
2020-05-08,108.522675,108.12156,108.12156
2020-05-11,108.20864,108.331154,108.331154
2020-05-12,105.4422,105.08253,105.08253
2020-05-13,103.46458,102.855644,102.855644
2020-05-14,105.22588,104.48869,104.48869
2020-05-15,105.07034,105.02139,105.02139
2020-05-18,109.08316,108.82019,108.82019
2020-05-19,106.36065,106.401184,106.401184
2020-05-20,107.63899,107.64999,107.64999
2020-05-22,107.858955,108.11283,108.11283
2020-05-25,107.82959,108.06043,108.06043
2020-05-26,109.65016,109.48389,109.48389
2020-05-27,112.2862,112.01642,112.01642
2020-05-28,110.7334,110.689026,110.689026
2020-05-29,110.10699,110.80255,110.80255
2020-06-02,110.96328,111.7719,111.7719
2020-06-03,113.00381,113.30015,113.30015
2020-06-04,112.19274,112.252205,112.252205
2020-06-05,115.79697,115.65802,115.65802
2020-06-08,117.86966,117.18627,117.18627
2020-06-09,115.14041,114.8546,114.8546
2020-06-10,112.964424,113.21282,113.21282
2020-06-11,105.43707,105.562836,105.562836
2020-06-12,108.38586,107.9993,107.9993
2020-06-15,109.00295,109.00358,109.00358
2020-06-16,111.299286,111.72823,111.72823
2020-06-17,110.396126,111.143135,111.143135
2020-06-18,110.4434,111.1082,111.1082
2020-06-19,109.79908,111.50991,111.50991
2020-06-22,109.10217,110.77635,110.77635
2020-06-24,105.857704,107.45786,107.45786
2020-06-25,107.61228,109.17824,109.17824
2020-06-26,105.334595,107.14348,107.14348
2020-06-29,106.68713,108.67173,108.67173
2020-06-30,108.190636,110.72395,110.72395
2020-07-01,107.75669,109.815735,109.815735
2020-07-02,108.578316,110.88988,110.88988
2020-07-03,108.443,110.74142,110.74142
2020-07-06,108.76559,111.48371,111.48371
2020-07-07,107.65736,110.30478,110.30478
2020-07-08,107.54339,110.10392,110.10392
2020-07-09,106.23919,108.86385,108.86385
2020-07-10,107.924126,110.40957,110.40957
2020-07-13,107.53859,109.55375,109.55375
2020-07-14,108.8825,111.1606,111.1606
2020-07-15,110.19572,112.61025,112.61025
2020-07-16,110.151245,112.61025,112.61025
2020-07-17,110.59908,112.98576,112.98576
2020-07-20,109.586494,112.549126,112.549126
2020-07-21,110.38825,113.12549,113.12549
2020-07-22,109.98106,112.89844,112.89844
2020-07-23,109.851006,112.66265,112.66265
2020-07-24,108.59121,111.36145,111.36145
2020-07-27,107.34946,110.5231,110.5231
2020-07-28,107.56788,109.99913,109.99913
2020-07-29,108.261314,111.15186,111.15186
2020-07-30,107.12484,109.87687,109.87687
2020-07-31,106.576706,109.60615,109.60615
2020-08-03,107.64314,111.15186,111.15186
2020-08-04,108.008194,111.1082,111.1082
2020-08-05,107.449036,110.74142,110.74142
2020-08-06,107.76926,110.70649,110.70649
2020-08-07,109.46332,112.3832,112.3832
2020-08-10,110.68695,113.58833,113.58833
2020-08-11,110.620995,113.256485,113.256485
2020-08-12,111.10511,113.815384,113.815384
2020-08-13,109.96021,112.77618,112.77618
2020-08-14,110.21308,113.32635,113.32635
2020-08-17,109.66248,113.003235,113.003235
2020-08-18,108.770744,112.21727,112.21727
2020-08-19,108.573875,112.06008,112.06008
2020-08-20,108.56231,111.972755,111.972755
2020-08-21,109.17705,112.48799,112.48799
2020-08-24,110.41525,113.56213,113.56213
2020-08-25,110.25408,113.47481,113.47481
2020-08-26,110.15683,113.78046,113.78046
2020-08-27,111.10325,114.46162,114.46162
2020-08-28,110.89778,114.086105,114.086105
2020-08-31,109.471344,113.03816,113.03816
2020-09-01,109.42132,113.06436,113.06436
2020-09-02,112.546265,116.48764,116.48764
2020-09-03,110.28155,113.26522,113.26522
2020-09-04,110.67796,113.09056,113.09056
2020-09-07,110.40637,112.79364,112.79364
2020-09-08,108.69769,110.261116,110.261116
2020-09-09,109.8837,111.98148,111.98148
2020-09-10,107.78598,109.43149,109.43149
2020-09-11,108.88565,110.22618,110.22618
2020-09-14,109.860886,111.59724,111.59724
2020-09-15,109.94725,111.824295,111.824295
2020-09-16,110.7518,112.21727,112.21727
2020-09-17,110.46717,111.972755,111.972755
2020-09-18,109.11596,110.697754,110.697754
2020-09-21,107.781685,109.62361,109.62361
2020-09-22,108.419014,110.42704,110.42704
2020-09-23,106.59708,108.331154,108.331154
2020-09-24,107.06149,108.959915,108.959915
2020-09-25,108.345894,110.697754,110.697754
2020-09-28,109.82769,112.47053,112.47053
2020-09-29,108.205315,110.92481,110.92481
2020-09-30,109.09777,111.96402,111.96402
2020-10-01,109.04563,111.90289,111.90289
2020-10-02,109.45236,111.85923,111.85923
2020-10-05,110.40523,113.30888,113.30888
2020-10-06,109.43811,112.025154,112.025154
2020-10-07,111.46221,114.50529,114.50529
2020-10-08,112.87537,115.86761,115.86761
2020-10-09,112.38037,115.72788,115.72788
2020-10-12,113.23068,117.203735,117.203735
2020-10-13,112.8382,116.95922,116.95922
2020-10-14,112.18551,116.32172,116.32172
2020-10-15,113.04588,117.16881,117.16881
2020-10-16,113.130135,116.95922,116.95922
2020-10-19,110.937744,114.40049,114.40049
2020-10-20,110.91264,114.234566,114.234566
2020-10-21,110.02266,113.45734,113.45734
2020-10-22,111.73216,114.78474,114.78474
2020-10-23,111.77548,115.02926,115.02926
2020-10-26,109.68522,112.76744,112.76744
2020-10-27,108.16757,111.28286,111.28286
2020-10-28,105.657936,107.97311,107.97311
2020-10-29,107.33542,109.763336,109.763336
2020-10-30,107.28891,109.50135,109.50135
2020-11-02,109.472275,111.91162,111.91162
2020-11-03,110.5014,113.44861,113.44861
2020-11-04,110.747536,114.59261,114.59261
2020-11-05,111.41312,115.76282,115.76282
2020-11-06,110.71531,115.17771,115.17771
2020-11-09,115.54897,118.4176,118.4176
2020-11-10,117.15871,119.76247,119.76247
2020-11-11,117.451965,120.63575,120.63575
2020-11-12,115.404205,118.73199,118.73199
2020-11-13,117.464714,121.00253,121.00253
2020-11-16,119.3612,122.653046,122.653046
2020-11-17,118.38302,121.474106,121.474106
2020-11-18,117.07907,120.12925,120.12925
2020-11-19,117.711174,120.82787,120.82787
2020-11-20,117.02081,119.95459,119.95459
2020-11-23,118.97932,121.71863,121.71863
2020-11-24,120.94383,123.66605,123.66605
2020-11-25,119.93038,122.731636,122.731636
2020-11-26,119.91613,122.71417,122.71417
2020-11-27,119.354645,122.504585,122.504585
2020-11-30,117.99541,121.51777,121.51777
2020-12-01,118.35219,122.225136,122.225136
2020-12-02,118.36963,122.00681,122.00681
2020-12-03,117.657425,121.220856,121.220856
2020-12-04,119.30859,122.932495,122.932495
2020-12-07,118.67771,122.31246,122.31246
2020-12-08,119.34376,123.14208,123.14208
2020-12-09,119.53017,123.19448,123.19448
2020-12-10,118.58591,121.98061,121.98061
2020-12-11,118.55976,121.89329,121.89329
2020-12-14,117.3121,120.819145,120.819145
2020-12-15,118.5844,122.19894,122.19894
2020-12-16,118.016,121.928215,121.928215
2020-12-17,118.15243,122.00681,122.00681
2020-12-18,117.80965,121.51777,121.51777
2020-12-21,117.3704,121.220856,121.220856
2020-12-22,117.04591,120.94141,120.94141
2020-12-23,117.56551,121.299446,121.299446
2020-12-24,117.90697,121.674965,121.674965
2020-12-28,117.98481,121.89329,121.89329
2020-12-29,117.42193,121.19466,121.19466
2020-12-30,117.284355,120.70561,120.70561
2020-12-31,119.02447,122.58318,122.58318
2021-01-04,117.03259,120.70561,120.70561
2021-01-05,117.83124,121.36058,121.36058
2021-01-06,120.44246,124.190025,124.190025
2021-01-07,121.623695,125.61349,125.61349
2021-01-08,121.81763,125.60475,125.60475
2021-01-11,122.99564,126.5479,126.5479
2021-01-12,123.52172,127.080605,127.080605
2021-01-13,123.38386,126.5741,126.5741
2021-01-14,123.981476,127.15047,127.15047
2021-01-15,123.42454,126.70509,126.70509
2021-01-19,123.55817,126.96708,126.96708
2021-01-20,124.17856,127.85783,127.85783
2021-01-21,123.08319,127.31639,127.31639
2021-01-22,122.15278,126.32085,126.32085
2021-01-25,122.629875,127.229065,127.229065
2021-01-26,121.847275,127.09807,127.09807
2021-01-27,119.49024,125.68335,125.68335
2021-01-28,120.72258,125.447556,125.447556
2021-01-29,118.39251,122.31246,122.31246
2021-02-01,120.14831,124.216225,124.216225
2021-02-02,122.23582,125.87547,125.87547
2021-02-03,122.636536,126.329575,126.329575
2021-02-04,124.37654,128.17221,128.17221
2021-02-05,124.36028,128.13728,128.13728
2021-02-08,125.26738,129.14156,129.14156
2021-02-09,124.75047,128.8359,128.8359
2021-02-10,124.51672,128.32066,128.32066
2021-02-11,124.502365,127.91896,127.91896
2021-02-12,125.202286,128.54773,128.54773
2021-02-16,125.346085,128.32066,128.32066
2021-02-17,126.54479,129.64807,129.64807
2021-02-18,125.61431,128.63506,128.63506
2021-02-19,125.44176,128.39926,128.39926
2021-02-22,125.70054,128.42546,128.42546
2021-02-23,125.78701,128.25954,128.25954
2021-02-24,127.76126,130.3729,130.3729
2021-02-25,124.41764,126.46931,126.46931
2021-02-26,123.87603,126.03266,126.03266
2021-03-01,127.38737,129.95372,129.95372
2021-03-02,126.82194,129.28128,129.28128
2021-03-03,126.36031,128.87958,128.87958
2021-03-04,125.28933,127.47358,127.47358
2021-03-05,129.57127,132.24173,132.24173
2021-03-08,131.17657,133.81364,133.81364
2021-03-09,130.97742,133.9883,133.9883
2021-03-10,132.39444,135.60388,135.60388
2021-03-11,131.8699,135.14104,135.14104
2021-03-12,133.16235,136.4859,136.4859
2021-03-15,134.1863,137.56877,137.56877
2021-03-16,133.81604,137.00113,137.00113
2021-03-17,134.18356,137.56877,137.56877
2021-03-18,133.28099,136.26758,136.26758
2021-03-19,133.09085,136.28503,136.28503
2021-03-22,133.01651,136.54703,136.54703
2021-03-23,132.2395,135.30696,135.30696
2021-03-24,132.84607,135.62134,135.62134
2021-03-25,134.91374,138.06654,138.06654
2021-03-26,137.10341,140.99205,140.99205
2021-03-29,137.16264,141.12305,141.12305
2021-03-30,137.40065,141.44617,141.44617
2021-03-31,136.55457,140.48555,140.48555
2021-04-01,137.48885,141.62955,141.62955
2021-04-06,137.63472,141.9352,141.9352
2021-04-07,136.79576,141.16672,141.16672
2021-04-08,136.72197,141.15797,141.15797
2021-04-09,137.65405,142.29324,142.29324
2021-04-12,137.5264,142.32819,142.32819
2021-04-13,136.92041,141.49857,141.49857
2021-04-14,136.7805,141.09685,141.09685
2021-04-15,137.63203,142.16226,142.16226
2021-04-16,138.28522,142.79976,142.79976
2021-04-19,137.3357,141.87407,141.87407
2021-04-20,136.2222,140.38948,140.38948
2021-04-21,137.84816,142.13606,142.13606
2021-04-22,136.8006,140.72133,140.72133
2021-04-23,137.63376,141.79547,141.79547
2021-04-26,137.10982,141.2977,141.2977
2021-04-27,137.42538,141.51602,141.51602
2021-04-28,137.25531,141.31517,141.31517
2021-04-29,138.24097,142.39804,142.39804
2021-04-30,138.15288,141.88281,141.88281
2021-05-03,138.95259,142.96568,142.96568
2021-05-04,139.67596,143.7691,143.7691
2021-05-05,140.55095,145.10522,145.10522
2021-05-06,141.13564,146.40643,146.40643
2021-05-07,141.2054,146.65968,146.65968
2021-05-10,140.9695,146.36276,146.36276
2021-05-11,139.13332,144.16208,144.16208
2021-05-12,137.69061,141.91774,141.91774
2021-05-14,140.56573,145.87372,145.87372
2021-05-17,140.32962,145.69034,145.69034
2021-05-18,138.2336,142.85216,142.85216
2021-05-19,137.56876,141.95267,141.95267
2021-05-20,138.38979,142.82596,142.82596
2021-05-21,139.09973,143.64685,143.64685
2021-05-25,138.32819,142.61636,142.61636
2021-05-26,138.8639,143.48965,143.48965
2021-05-27,139.6354,144.21448,144.21448
2021-05-28,139.9987,144.50267,144.50267
2021-06-01,139.51129,144.33675,144.33675
2021-06-02,140.21451,145.0703,145.0703
2021-06-03,141.16951,146.31036,146.31036
2021-06-04,141.43266,147.07886,147.07886
2021-06-07,140.6973,146.50249,146.50249
2021-06-08,140.51497,146.52869,146.52869
2021-06-09,140.04192,145.54187,145.54187
2021-06-10,140.32776,145.55061,145.55061
2021-06-11,141.23013,146.65094,146.65094
2021-06-14,140.4769,145.69907,145.69907
2021-06-15,140.56972,145.63794,145.63794
2021-06-16,139.67543,144.6162,144.6162
2021-06-17,140.23334,145.2013,145.2013
2021-06-18,138.6643,143.56825,143.56825
2021-06-21,140.5622,145.6816,145.6816
2021-06-22,140.8678,146.33656,146.33656
2021-06-24,140.98077,146.51996,146.51996
2021-06-25,141.59369,146.99153,146.99153
2021-06-28,141.40265,147.28845,147.28845
2021-06-29,141.33495,147.81242,147.81242
2021-06-30,142.3762,148.8167,148.8167
2021-07-01,143.17706,149.39307,149.39307
2021-07-02,143.90413,150.46721,150.46721
2021-07-06,142.78313,149.34067,149.34067
2021-07-07,143.672,150.91258,150.91258
2021-07-08,141.56747,148.51978,148.51978
2021-07-09,143.55272,150.79906,150.79906
2021-07-12,143.9786,151.3667,151.3667
2021-07-13,143.51302,150.74666,150.74666
2021-07-14,143.52243,150.89511,150.89511
2021-07-15,143.55554,150.6506,150.6506
2021-07-16,142.6579,149.51532,149.51532
2021-07-19,140.19366,147.37578,147.37578
2021-07-20,142.94658,150.31001,150.31001
2021-07-21,143.94931,151.17458,151.17458
2021-07-22,143.37994,150.75539,150.75539
2021-07-23,144.56316,152.4321,152.4321
2021-07-26,144.36826,152.28365,152.28365
2021-07-27,144.19023,151.30556,151.30556
2021-07-28,144.16011,151.2881,151.2881
2021-07-29,144.1591,151.3929,151.3929
2021-07-30,143.97435,151.24443,151.24443
2021-08-02,143.4559,150.81653,150.81653
2021-08-03,145.07219,153.34906,153.34906
2021-08-04,143.78282,152.109,152.109
2021-08-05,144.56989,152.5369,152.5369
2021-08-06,146.33925,154.46686,154.46686
2021-08-09,146.3071,154.76378,154.76378
2021-08-10,147.50513,156.13484,156.13484
2021-08-11,148.23398,157.12164,157.12164
2021-08-12,148.46616,157.40984,157.40984
2021-08-13,147.75983,156.7374,156.7374
2021-08-16,148.17723,157.54956,157.54956
2021-08-17,148.33624,157.36617,157.36617
2021-08-18,146.67273,155.52353,155.52353
2021-08-19,146.73149,155.96017,155.96017
2021-08-20,147.59966,157.22644,157.22644
2021-08-23,147.4925,157.38364,157.38364
2021-08-24,147.47226,157.11292,157.11292
2021-08-25,148.1174,157.92508,157.92508
2021-08-26,147.30966,156.82474,156.82474
2021-08-27,148.02394,157.78534,157.78534
2021-08-30,147.564,157.77661,157.77661
2021-08-31,147.41547,157.50589,157.50589
2021-09-01,146.49971,156.51035,156.51035
2021-09-02,147.35901,157.49716,157.49716
2021-09-03,146.71828,156.99066,156.99066
2021-09-07,145.80838,155.89905,155.89905
2021-09-08,146.23956,156.19597,156.19597
2021-09-09,145.46577,155.61087,155.61087
2021-09-10,144.35674,154.23108,154.23108
2021-09-13,145.5533,154.88603,154.88603
2021-09-14,144.01714,153.21806,153.21806
2021-09-15,145.4337,154.92097,154.92097
2021-09-16,145.66046,155.13055,155.13055
2021-09-17,145.11891,153.87303,153.87303
2021-09-20,143.05331,151.16583,151.16583
2021-09-21,142.7833,150.79033,150.79033
2021-09-22,143.9138,152.18758,152.18758
2021-09-23,145.58344,154.38826,154.38826
2021-09-24,146.22739,154.97336,154.97336
2021-09-27,146.87636,155.3576,155.3576
2021-09-28,145.37999,152.74649,152.74649
2021-09-29,146.61057,153.77696,153.77696
2021-09-30,144.63402,151.35796,151.35796
2021-10-01,146.14554,152.5893,152.5893
2021-10-04,145.15448,150.66806,150.66806
2021-10-05,146.72354,152.94734,152.94734
2021-10-06,147.6735,153.31412,153.31412
2021-10-07,148.59384,154.51053,154.51053
2021-10-08,148.42401,153.93416,153.93416
2021-10-11,147.46176,153.27919,153.27919
2021-10-12,147.43277,152.94734,152.94734
2021-10-13,147.26393,152.85127,152.85127
2021-10-14,149.52411,155.57593,155.57593
2021-10-15,150.31898,156.13484,156.13484
2021-10-18,149.97324,156.47542,156.47542
2021-10-19,150.66495,157.20898,157.20898
2021-10-20,152.05724,158.4403,158.4403
2021-10-21,151.98805,158.83328,158.83328
2021-10-22,152.60236,159.7939,159.7939
2021-10-25,153.18001,160.61479,160.61479
2021-10-26,153.53503,160.80692,160.80692
2021-10-27,151.54555,159.03415,159.03415
2021-10-28,151.8092,159.8725,159.8725
2021-10-29,153.03265,161.19989,161.19989
2021-11-02,154.11163,162.2391,162.2391
2021-11-03,154.8344,163.33072,163.33072
2021-11-04,154.76968,163.86342,163.86342
2021-11-05,155.40433,163.85469,163.85469
2021-11-08,155.14563,163.7237,163.7237
2021-11-09,155.16092,163.95074,163.95074
2021-11-10,155.68442,164.09047,164.09047
2021-11-11,156.48639,165.4528,165.4528
2021-11-12,157.33548,166.8326,166.8326
2021-11-15,157.7325,166.94612,166.94612
2021-11-16,158.61046,168.35211,168.35211
2021-11-17,158.56952,167.88054,167.88054
2021-11-18,157.51808,167.19064,167.19064
2021-11-19,156.72017,166.60553,166.60553
2021-11-22,158.48512,168.68396,168.68396
2021-11-23,159.39323,169.53105,169.53105
2021-11-24,160.2936,170.22968,170.22968
2021-11-26,155.08282,164.70177,164.70177
2021-11-29,156.57478,166.85005,166.85005
2021-11-30,152.98474,162.72815,162.72815
2021-12-01,150.86383,160.07335,160.07335
2021-12-02,153.99693,163.75862,163.75862
2021-12-03,154.4383,163.5141,163.5141
2021-12-06,156.62894,165.15588,165.15588
2021-12-07,158.84764,168.53549,168.53549
2021-12-08,157.54297,166.754,166.754
2021-12-09,157.7817,166.89372,166.89372
2021-12-10,158.84299,168.76256,168.76256
2021-12-13,158.56409,168.06392,168.06392
2021-12-14,158.24869,167.67967,167.67967
2021-12-15,160.2134,170.1598,170.1598
2021-12-16,160.1228,170.35193,170.35193
2021-12-17,158.40213,168.30844,168.30844
2021-12-20,156.61847,165.8807,165.8807
2021-12-21,158.89526,168.51804,168.51804
2021-12-22,159.10738,169.1468,169.1468
2021-12-23,160.16928,170.3432,170.3432
2021-12-27,161.83792,172.77094,172.77094
2021-12-28,162.45555,173.24251,173.24251
2021-12-29,162.1473,172.8408,172.8408
2021-12-30,162.18564,172.50021,172.50021
2021-12-31,161.73128,171.88892,171.88892
2022-01-03,163.26414,173.09406,173.09406
2022-01-04,164.60544,174.50005,174.50005
2022-01-05,162.90152,172.19456,172.19456
2022-01-06,163.64624,173.18138,173.18138
2022-01-07,163.08575,172.11597,172.11597
2022-01-10,163.21674,172.15964,172.15964
2022-01-11,163.96402,172.7622,172.7622
2022-01-12,162.9833,171.98499,171.98499
2022-01-13,161.78514,170.36067,170.36067
2022-01-14,161.77464,170.12488,170.12488
2022-01-18,160.55675,168.25604,168.25604
2022-01-19,159.16388,165.77591,165.77591
2022-01-20,157.56708,163.90709,163.90709
2022-01-21,155.856,161.47934,161.47934
2022-01-24,156.6901,163.191,163.191
2022-01-25,156.59012,162.24783,162.24783
2022-01-26,155.67235,161.19116,161.19116
2022-01-27,157.02914,162.86787,162.86787
2022-01-28,159.02922,165.9331,165.9331
2022-01-31,159.98036,166.8588,166.8588
2022-02-01,160.53702,167.4439,167.4439
2022-02-02,161.31345,168.69269,168.69269
2022-02-03,157.77275,165.04236,165.04236
2022-02-04,157.0565,164.22147,164.22147
2022-02-07,157.12364,163.96822,163.96822
2022-02-08,158.58446,166.00298,166.00298
2022-02-09,160.06633,167.898,167.898
2022-02-10,157.09245,164.83276,164.83276
2022-02-11,156.3009,163.99442,163.99442
2022-02-14,156.40292,163.94202,163.94202
2022-02-15,157.32974,165.54886,165.54886
2022-02-16,157.45493,165.8807,165.8807
2022-02-17,155.17033,162.9552,162.9552
2022-02-18,154.98306,163.04253,163.04253
2022-02-22,153.73776,161.29596,161.29596
2022-02-23,151.97595,158.94682,158.94682
2022-02-24,154.7386,161.30469,161.30469
2022-02-25,157.3697,164.53584,164.53584
2022-02-28,156.61809,163.22592,163.22592
2022-03-01,155.5736,161.01651,161.01651
2022-03-02,159.93925,166.45708,166.45708
2022-03-03,160.17192,166.97232,166.97232
2022-03-04,162.05423,167.9242,167.9242
2022-03-07,159.3475,164.79784,164.79784
2022-03-08,157.81216,162.8766,162.8766
2022-03-09,157.81493,163.5665,163.5665
2022-03-10,157.97374,163.32198,163.32198
2022-03-11,157.49359,162.9814,162.9814
2022-03-14,157.29541,163.06,163.06
2022-03-15,159.46484,165.9855,165.9855
2022-03-16,161.31384,168.09012,168.09012
2022-03-17,161.51129,168.22984,168.22984
2022-03-18,162.9441,169.95023,169.95023
2022-03-21,163.10649,169.94148,169.94148
2022-03-22,164.41315,171.6182,171.6182
2022-03-23,162.85645,169.94148,169.94148
2022-03-24,164.41556,171.77539,171.77539
2022-03-25,166.2226,173.67915,173.67915
2022-03-28,166.56114,173.9586,173.9586
2022-03-29,165.996,173.32983,173.32983
2022-03-30,164.5391,171.28635,171.28635
2022-03-31,162.62804,169.02454,169.02454
2022-04-01,164.59076,170.36067,170.36067
2022-04-04,164.9412,171.1117,171.1117
2022-04-05,164.76299,170.88464,170.88464
2022-04-06,165.414,171.33875,171.33875
2022-04-07,166.39561,172.63121,172.63121
2022-04-08,167.81432,174.38652,174.38652
2022-04-11,165.95325,172.42162,172.42162
2022-04-12,165.93889,172.18584,172.18584
2022-04-13,167.32684,173.99353,173.99353
2022-04-14,167.59364,173.78395,173.78395
2022-04-19,169.34653,175.79251,175.79251
2022-04-20,169.65913,176.65706,176.65706
2022-04-21,168.10715,175.22487,175.22487
2022-04-22,164.7086,170.81477,170.81477
2022-04-25,165.97498,172.22076,172.22076
2022-04-26,163.76305,169.95895,169.95895
2022-04-27,166.0373,172.04611,172.04611
2022-04-28,168.66891,174.1682,174.1682
2022-04-29,163.01457,167.82814,167.82814
2022-05-02,163.47852,168.49184,168.49184
2022-05-03,164.50546,169.61838,169.61838
2022-05-04,168.75238,174.45638,174.45638
2022-05-05,164.88748,170.04628,170.04628
2022-05-06,163.70349,169.12933,169.12933
2022-05-10,159.96829,166.58807,166.58807
2022-05-11,158.84155,164.45726,164.45726
2022-05-12,161.31142,167.05965,167.05965
2022-05-13,164.04141,169.58344,169.58344
2022-05-16,164.11539,169.74937,169.74937
2022-05-17,164.67053,170.70125,170.70125
2022-05-18,159.29651,163.26085,163.26085
2022-05-19,156.9904,160.44014,160.44014
2022-05-20,157.8565,160.97284,160.97284
2022-05-23,158.81999,162.33517,162.33517
2022-05-24,158.46039,161.91599,161.91599
2022-05-25,160.30537,164.36992,164.36992
2022-05-27,164.9175,169.01581,169.01581
2022-05-31,163.43777,167.56615,167.56615
2022-06-01,162.86447,166.4134,166.4134
2022-06-02,163.78195,166.98105,166.98105
2022-06-03,162.21901,165.3742,165.3742
2022-06-07,164.37906,167.80194,167.80194
2022-06-08,161.76547,164.99869,164.99869
2022-06-09,159.553,162.9028,162.9028
2022-06-10,157.85213,161.37456,161.37456
2022-06-13,154.11145,157.75916,157.75916
2022-06-14,153.09775,157.30504,157.30504
2022-06-15,154.09853,158.6499,158.6499
2022-06-16,148.76091,152.99101,152.99101
2022-06-17,148.6028,153.54991,153.54991
2022-06-21,150.65327,155.74185,155.74185
2022-06-22,149.95221,155.25282,155.25282
2022-06-24,155.16023,161.7588,161.7588
2022-06-27,154.59523,161.09511,161.09511
2022-06-28,154.27158,159.7939,159.7939
2022-06-29,154.1445,160.16942,160.16942
2022-06-30,153.6384,159.7415,159.7415
2022-07-01,156.36076,162.1867,162.1867
2022-07-05,157.02342,163.74117,163.74117
2022-07-06,157.93123,165.03362,165.03362
2022-07-07,160.00087,167.54869,167.54869
2022-07-08,159.6283,167.4177,167.4177
2022-07-11,160.1701,168.04646,168.04646
2022-07-12,159.83258,167.72334,167.72334
2022-07-13,157.94333,165.68858,165.68858
2022-07-14,158.41713,166.33482,166.33482
2022-07-15,160.26982,168.34337,168.34337
2022-07-18,157.28813,165.11221,165.11221
2022-07-19,160.1369,168.22112,168.22112
2022-07-20,160.46146,168.62283,168.62283
2022-07-21,161.42159,169.49611,169.49611
2022-07-22,160.39413,168.01152,168.01152
2022-07-25,161.65411,169.1206,169.1206
2022-07-26,162.254,169.30399,169.30399
2022-07-27,164.63774,172.06357,172.06357
2022-07-28,165.76376,172.85826,172.85826
2022-07-29,166.34222,174.13327,174.13327
2022-08-01,164.65073,172.42162,172.42162
2022-08-02,164.50027,171.98499,171.98499
2022-08-03,167.03026,175.2336,175.2336
2022-08-04,164.82884,173.53943,173.53943
2022-08-05,165.93735,175.18994,175.18994
2022-08-08,165.26457,174.49132,174.49132
2022-08-09,165.24976,174.0896,174.0896
2022-08-10,165.73479,175.10262,175.10262
2022-08-11,166.54517,175.79251,175.79251
2022-08-12,170.63104,180.41219,180.41219
2022-08-16,172.72318,182.82246,182.82246
2022-08-17,171.95593,181.81818,181.81818
2022-08-18,173.09448,183.21544,183.21544
2022-08-19,173.2361,183.33769,183.33769
2022-08-22,171.54207,181.00603,181.00603
2022-08-23,170.81859,180.10654,180.10654
2022-08-24,171.22028,180.2288,180.2288
2022-08-25,173.46924,182.89232,182.89232
2022-08-26,168.10947,176.71819,176.71819
2022-08-29,168.07402,175.89731,175.89731
2022-08-30,166.13332,174.01973,174.01973
2022-08-31,163.80623,171.42607,171.42607
2022-09-01,166.50461,174.36032,174.36032
2022-09-02,163.61218,171.29509,171.29509
2022-09-06,165.0372,172.75346,172.75346
2022-09-07,166.92297,175.16374,175.16374
2022-09-08,168.13988,176.64833,176.64833
2022-09-09,168.61589,177.53035,177.53035
2022-09-12,168.60014,177.20723,177.20723
2022-09-13,164.64386,172.37796,172.37796
2022-09-14,165.15962,172.46529,172.46529
2022-09-15,164.09856,171.65314,171.65314
2022-09-16,162.51997,170.2908,170.2908
2022-09-19,163.76483,171.94131,171.94131
2022-09-20,161.8608,170.00262,170.00262
2022-09-21,161.23854,169.32146,169.32146
2022-09-22,161.28871,169.24286,169.24286
2022-09-23,160.19109,168.24731,168.24731
2022-09-26,158.79672,167.09457,167.09457
2022-09-27,158.48405,167.54869,167.54869
2022-09-28,161.48245,171.1641,171.1641
2022-09-29,156.6415,166.21255,166.21255
2022-09-30,154.23262,163.5141,163.5141
2022-10-03,158.25041,167.9242,167.9242
2022-10-04,160.61418,170.79732,170.79732
2022-10-05,161.75204,172.40416,172.40416
2022-10-06,159.89642,170.91957,170.91957
2022-10-07,157.54631,167.79321,167.79321
2022-10-10,157.98265,169.01581,169.01581
2022-10-11,157.68724,168.83241,168.83241
2022-10-12,157.11404,168.41324,168.41324
2022-10-13,161.28831,172.90193,172.90193
2022-10-14,157.71915,168.61409,168.61409
2022-10-17,159.81216,170.85844,170.85844
2022-10-18,161.22766,172.64868,172.64868
2022-10-19,160.98615,172.08977,172.08977
2022-10-20,158.76295,169.95023,169.95023
2022-10-21,163.21867,175.51306,175.51306
2022-10-24,163.70729,176.91905,176.91905
2022-10-25,164.38895,177.705,177.705
2022-10-26,163.84726,176.6134,176.6134
2022-10-27,165.06949,177.73993,177.73993
2022-10-28,169.51851,183.29404,183.29404
2022-10-31,169.83014,183.63461,183.63461
2022-11-02,167.46445,181.38155,181.38155
2022-11-03,168.79755,181.64352,181.64352
2022-11-04,168.66928,181.96664,181.96664
2022-11-07,168.40678,181.84438,181.84438
2022-11-08,168.2719,182.12383,182.12383
2022-11-09,165.98605,179.92316,179.92316
2022-11-10,169.84564,183.83548,183.83548
2022-11-11,167.90068,180.84883,180.84883
2022-11-14,166.5668,179.77469,179.77469
2022-11-15,166.87277,179.79216,179.79216
2022-11-16,165.19281,178.11545,178.11545
2022-11-17,166.2102,179.25072,179.25072
2022-11-18,167.0667,180.3336,180.3336
2022-11-21,169.21788,182.74387,182.74387
2022-11-22,170.64235,184.43803,184.43803
2022-11-23,169.57928,182.82246,182.82246
2022-11-25,169.55869,183.00584,183.00584
2022-11-28,167.21387,180.58685,180.58685
2022-11-29,168.41112,181.74832,181.74832
2022-11-30,172.77612,187.06664,187.06664
2022-12-01,169.21626,182.87486,182.87486
2022-12-02,169.26282,183.34644,183.34644
2022-12-05,165.4286,178.87521,178.87521
2022-12-06,164.1069,177.64388,177.64388
2022-12-07,164.13483,178.04558,178.04558
2022-12-08,164.41266,178.13292,178.13292
2022-12-09,163.27786,176.31648,176.31648
2022-12-12,165.96742,179.51271,179.51271
2022-12-13,164.91112,177.39062,177.39062
2022-12-14,163.95952,176.13309,176.13309
2022-12-15,160.79071,172.10724,172.10724
2022-12-16,159.65723,171.30382,171.30382
2022-12-19,159.52611,171.04182,171.04182
2022-12-20,158.85419,170.5004,170.5004
2022-12-21,161.39433,173.15518,173.15518
2022-12-22,160.16165,171.74046,171.74046
2022-12-23,161.16653,172.50896,172.50896
2022-12-27,160.97607,171.95004,171.95004
2022-12-28,159.64914,170.3694,170.3694
2022-12-29,160.83127,171.6444,171.6444
2022-12-30,160.34541,170.9545,170.9545
2023-01-03,161.75345,172.62248,172.62248
2023-01-04,162.58403,173.4783,173.4783
2023-01-05,162.65335,173.3211,173.3211
2023-01-06,164.9648,175.90604,175.90604
2023-01-09,161.79852,172.41289,172.41289
2023-01-10,162.73392,173.5045,173.5045
2023-01-11,163.5394,174.6223,174.6223
2023-01-12,163.10365,173.9062,173.9062
2023-01-13,163.06177,174.142,174.142
2023-01-17,162.6412,173.6093,173.6093
2023-01-18,159.20094,170.22095,170.22095
2023-01-19,158.6316,168.89354,168.89354
2023-01-20,160.00768,170.186,170.186
2023-01-23,160.72571,171.05057,171.05057
2023-01-24,160.70007,171.37367,171.37367
2023-01-25,160.59698,171.72299,171.72299
2023-01-26,162.3531,173.67915,173.67915
2023-01-27,162.02937,173.60056,173.60056
2023-01-30,160.20654,171.94131,171.94131
2023-01-31,162.54263,174.89302,174.89302
2023-02-01,162.29274,174.49132,174.49132
2023-02-02,162.16248,174.92795,174.92795
2023-02-03,162.22696,175.29474,175.29474
2023-02-06,163.47841,176.56973,176.56973
2023-02-07,165.36067,178.33377,178.33377
2023-02-08,163.5599,176.57846,176.57846
2023-02-09,161.55038,174.63104,174.63104
2023-02-10,164.35754,177.3033,177.3033
2023-02-13,165.03899,178.65689,178.65689
2023-02-14,164.45018,177.76613,177.76613
2023-02-15,165.28316,178.88394,178.88394
2023-02-16,163.842,177.41682,177.41682
2023-02-17,164.03873,178.06305,178.06305
2023-02-21,160.98016,174.20312,174.20312
2023-02-22,161.34364,174.7533,174.7533
2023-02-23,162.28142,175.59164,175.59164
2023-02-24,162.28809,175.25107,175.25107
2023-02-27,161.3763,174.44765,174.44765
2023-02-28,160.65277,173.61803,173.61803
2023-03-01,159.29794,171.95879,171.95879
2023-03-02,161.13885,173.5569,173.5569
2023-03-03,163.2626,175.71391,175.71391
2023-03-06,161.83745,174.26425,174.26425
2023-03-07,160.47542,172.99799,172.99799
2023-03-08,160.89622,173.23378,173.23378
2023-03-09,157.28401,169.36513,169.36513
2023-03-10,153.46338,165.43533,165.43533
2023-03-13,151.46957,163.22592,163.22592
2023-03-14,153.3956,165.16461,165.16461
2023-03-15,154.03307,166.12523,166.12523
2023-03-16,154.42723,167.2343,167.2343
2023-03-17,151.595,164.06427,164.06427
2023-03-20,152.63176,165.43533,165.43533
2023-03-21,153.46109,166.8064,166.8064
2023-03-22,150.2472,163.25212,163.25212
2023-03-23,148.38756,161.33961,161.33961
2023-03-24,151.34418,164.84149,164.84149
2023-03-27,152.2608,165.55759,165.55759
2023-03-28,151.7121,164.74544,164.74544
2023-03-29,153.64233,166.53568,166.53568
2023-03-30,153.10455,166.08156,166.08156
2023-03-31,155.56546,169.1468,169.1468
2023-04-03,156.26033,170.03755,170.03755
2023-04-04,153.75868,167.1557,167.1557
2023-04-05,155.3243,168.71889,168.71889
2023-04-06,155.197,168.61409,168.61409
2023-04-11,156.67351,170.00262,170.00262
2023-04-12,155.27847,168.29971,168.29971
2023-04-13,155.27002,168.71016,168.71016
2023-04-14,155.5955,168.98088,168.98088
2023-04-17,157.70822,171.28635,171.28635
2023-04-18,157.18512,170.85844,170.85844
2023-04-19,157.16289,170.02882,170.02882
2023-04-20,156.01212,169.26033,169.26033
2023-04-21,156.07793,169.13806,169.13806
2023-04-24,155.6865,168.75381,168.75381
2023-04-25,154.5693,167.4177,167.4177
2023-04-26,151.72893,164.35246,164.35246
2023-04-27,154.06787,167.88927,167.88927
2023-04-28,155.01508,168.60536,168.60536
2023-05-02,153.60951,168.27351,168.27351
2023-05-03,151.24843,165.71478,165.71478
2023-05-04,150.62213,164.67557,164.67557
2023-05-05,152.99155,167.83687,167.83687
2023-05-08,152.65431,167.64474,167.64474
2023-05-10,152.47395,167.82814,167.82814
2023-05-11,152.54234,168.17744,168.17744
2023-05-12,153.34941,168.91974,168.91974
2023-05-15,153.81833,169.173,169.173
2023-05-16,151.78636,167.3391,167.3391
2023-05-17,154.27089,170.1074,170.1074
2023-05-19,155.28767,171.34747,171.34747
2023-05-22,154.90042,170.71872,170.71872
2023-05-23,154.25023,169.45245,169.45245
2023-05-24,152.9561,167.9504,167.9504
2023-05-25,152.85477,168.61409,168.61409
2023-05-26,154.52979,170.32573,170.32573
2023-05-30,153.73781,169.0944,169.0944
2023-05-31,153.86513,169.43498,169.43498
2023-06-01,153.7828,169.72318,169.72318
2023-06-02,156.91356,173.08533,173.08533
2023-06-05,156.46555,173.08533,173.08533
2023-06-06,157.36266,173.3997,173.3997
2023-06-07,158.56595,173.13771,173.13771
2023-06-08,157.92902,173.15518,173.15518
2023-06-09,157.93439,173.4783,173.4783
2023-06-12,158.75125,175.18121,175.18121
2023-06-13,159.20341,175.81871,175.81871
2023-06-14,157.93399,173.73155,173.73155
2023-06-15,158.84406,175.32094,175.32094
2023-06-16,158.4857,174.84937,174.84937
2023-06-20,157.49367,174.3254,174.3254
2023-06-21,156.5238,173.4259,173.4259
2023-06-22,155.93663,173.9062,173.9062
2023-06-26,156.1156,173.74028,173.74028
2023-06-27,156.84145,175.05022,175.05022
2023-06-28,157.04478,175.02402,175.02402
2023-06-29,158.4489,176.52606,176.52606
2023-06-30,159.5265,178.15038,178.15038
2023-07-03,160.15613,178.4211,178.4211
2023-07-05,159.83609,178.04558,178.04558
2023-07-06,158.28947,176.6134,176.6134
2023-07-07,156.89795,174.50005,174.50005
2023-07-10,157.56396,175.49559,175.49559
2023-07-11,158.86633,176.74438,176.74438
2023-07-12,157.52007,174.43892,174.43892
2023-07-13,157.13194,173.99353,173.99353
2023-07-14,155.84401,173.4783,173.4783
2023-07-17,156.12044,174.42145,174.42145
2023-07-18,157.05385,175.76631,175.76631
2023-07-19,158.5006,176.98018,176.98018
2023-07-20,160.09866,177.71373,177.71373
2023-07-21,161.16815,178.28137,178.28137
2023-07-24,162.45624,179.24199,179.24199
2023-07-25,162.87585,180.28993,180.28993
2023-07-26,162.71275,179.27692,179.27692
2023-07-27,162.92284,179.18959,179.18959
2023-07-28,162.99477,179.33804,179.33804
2023-07-31,163.445,179.87949,179.87949
2023-08-01,163.7797,180.26373,180.26373
2023-08-02,163.23582,180.19386,180.19386
2023-08-03,162.60387,179.68736,179.68736
2023-08-04,160.42274,176.80553,176.80553
2023-08-07,162.33127,179.04114,179.04114
2023-08-08,162.38591,178.79662,178.79662
2023-08-09,161.24391,177.574,177.574
2023-08-10,160.51663,176.92778,176.92778
2023-08-11,161.64159,178.03685,178.03685
2023-08-14,162.62027,180.08034,180.08034
2023-08-16,159.55798,176.38634,176.38634
2023-08-17,159.10545,174.01973,174.01973
2023-08-18,159.68793,175.05022,175.05022
2023-08-21,159.35384,175.30347,175.30347
2023-08-22,159.06703,174.1682,174.1682
2023-08-23,160.21156,175.55672,175.55672
2023-08-24,159.07967,174.04593,174.04593
2023-08-25,160.92032,175.87111,175.87111
2023-08-28,161.24367,176.44748,176.44748
2023-08-29,162.37402,178.2377,178.2377
2023-08-30,161.16026,176.9889,176.9889
2023-08-31,161.75534,177.23343,177.23343
2023-09-01,162.97588,178.54337,178.54337
2023-09-05,162.90886,177.85347,177.85347
2023-09-06,162.36397,177.42555,177.42555
2023-09-07,162.35031,177.82727,177.82727
2023-09-08,162.54533,178.14165,178.14165
2023-09-11,162.48535,178.2901,178.2901
2023-09-12,163.00026,177.7312,177.7312
2023-09-13,162.43782,176.57846,176.57846
2023-09-14,165.34633,179.58257,179.58257
2023-09-15,163.98163,177.37315,177.37315
2023-09-18,163.85645,177.72247,177.72247
2023-09-19,163.17596,177.2509,177.2509
2023-09-20,162.18877,176.52606,176.52606
2023-09-21,160.89221,175.38206,175.38206
2023-09-22,160.46469,175.29474,175.29474
2023-09-25,162.13641,177.1723,177.1723
2023-09-26,159.95679,174.79697,174.79697
2023-09-27,160.96674,175.73138,175.73138
2023-09-28,160.93892,176.89285,176.89285
2023-09-29,159.73247,174.98035,174.98035
2023-10-02,159.55042,175.97589,175.97589
2023-10-03,158.27573,173.89748,173.89748
2023-10-04,158.35925,175.35587,175.35587
2023-10-05,157.25662,174.31665,174.31665
2023-10-06,158.27808,175.83617,175.83617
2023-10-09,159.48337,177.1461,177.1461
2023-10-10,159.67903,177.18103,177.18103
2023-10-11,159.32613,177.47795,177.47795
2023-10-12,159.10031,176.77933,176.77933
2023-10-13,160.02727,177.93205,177.93205
2023-10-16,160.90878,178.98,178.98
2023-10-17,160.98969,178.77914,178.77914
2023-10-18,159.75789,177.39062,177.39062
2023-10-19,157.67883,174.63104,174.63104
2023-10-20,155.87062,172.15964,172.15964
2023-10-23,154.05702,170.49165,170.49165
2023-10-24,155.63017,172.44781,172.44781
2023-10-25,154.69331,171.19029,171.19029
2023-10-26,155.03195,170.56152,170.56152
2023-10-27,152.41612,168.06392,168.06392
2023-10-30,153.36066,169.05946,169.05946
2023-10-31,155.35478,171.38242,171.38242
2023-11-02,158.46529,175.00655,175.00655
2023-11-03,158.26228,175.16374,175.16374
2023-11-06,157.51743,175.17247,175.17247
2023-11-07,157.83391,176.03703,176.03703
2023-11-08,157.13736,175.3908,175.3908
2023-11-09,155.62506,173.69662,173.69662
2023-11-10,158.06294,177.39062,177.39062
2023-11-13,157.56108,177.05878,177.05878
2023-11-14,158.60728,177.53035,177.53035
2023-11-15,158.95998,176.82298,176.82298
2023-11-16,158.35384,176.00209,176.00209
2023-11-17,158.90929,176.28154,176.28154
2023-11-20,158.6623,176.29028,176.29028
2023-11-21,158.4629,176.19421,176.19421
2023-11-22,160.05681,178.37744,178.37744
2023-11-24,159.57944,177.8098,177.8098
2023-11-27,159.1402,177.41682,177.41682
2023-11-28,158.40604,175.81871,175.81871
2023-11-29,158.77538,175.15501,175.15501
2023-11-30,161.15836,178.63069,178.63069
2023-12-01,163.81534,181.18942,181.18942
2023-12-04,164.128,180.8663,180.8663
2023-12-05,163.12122,180.6829,180.6829
2023-12-06,163.0671,180.1764,180.1764
2023-12-07,163.6748,181.15448,181.15448
2023-12-08,164.42958,182.08017,182.08017
2023-12-11,166.41544,185.0668,185.0668
2023-12-12,166.06718,185.4074,185.4074
2023-12-13,168.72154,187.43341,187.43341
2023-12-14,167.47151,184.01886,184.01886
2023-12-15,167.90459,183.949,183.949
2023-12-18,168.1155,184.7175,184.7175
2023-12-19,168.2376,184.5341,184.5341
2023-12-20,165.7181,181.70465,181.70465
2023-12-21,167.08424,183.18924,183.18924
2023-12-22,167.40407,183.42503,183.42503
2023-12-27,167.20732,182.7002,182.7002
2023-12-28,167.32977,182.87486,182.87486
2023-12-29,167.85445,183.98393,183.98393
2024-01-02,170.24933,186.84831,186.84831
2024-01-03,169.4673,186.78719,186.78719
2024-01-04,168.50142,185.45978,185.45978
2024-01-05,168.50595,185.31133,185.31133
2024-01-08,169.82455,187.36356,187.36356
2024-01-09,169.76872,187.63426,187.63426
2024-01-10,169.05177,187.48581,187.48581
2024-01-11,168.86317,188.40276,188.40276
2024-01-12,168.65004,187.82639,187.82639
2024-01-16,168.96935,188.80447,188.80447
2024-01-17,168.2589,188.66475,188.66475
2024-01-18,168.84561,190.0358,190.0358
2024-01-19,169.94283,191.04881,191.04881
2024-01-22,170.42094,191.8173,191.8173
2024-01-23,171.67389,192.95258,192.95258
2024-01-24,169.84879,191.16234,191.16234
2024-01-25,172.47353,193.89574,193.89574
2024-01-26,172.02312,193.31937,193.31937
2024-01-29,173.72604,195.43271,195.43271
2024-01-30,173.73004,195.95668,195.95668
2024-01-31,171.54906,193.49402,193.49402
2024-02-01,173.82048,196.13135,196.13135
2024-02-02,174.08379,197.43254,197.43254
2024-02-05,173.9437,197.76439,197.76439
2024-02-06,174.553,198.10497,198.10497
2024-02-07,174.94542,199.09178,199.09178
2024-02-08,175.06761,199.02193,199.02193
2024-02-09,174.68596,199.15291,199.15291
2024-02-12,175.86572,199.91267,199.91267
2024-02-13,174.25717,198.70753,198.70753
2024-02-14,175.31438,199.99127,199.99127
2024-02-15,176.66663,200.89075,200.89075
2024-02-16,176.06711,199.9214,199.9214
2024-02-20,175.0545,198.49796,198.49796
2024-02-21,176.20683,198.85599,198.85599
2024-02-22,177.62105,202.08716,202.08716
2024-02-23,177.92633,202.99538,202.99538
2024-02-26,176.73085,202.16576,202.16576
2024-02-27,177.13634,202.38406,202.38406
2024-02-28,177.3835,202.4452,202.4452
2024-02-29,178.03343,202.89058,202.89058
2024-03-01,178.95808,205.06506,205.06506
2024-03-04,178.92166,204.5149,204.5149
2024-03-05,178.02399,203.30103,203.30103
2024-03-06,178.48505,204.3839,204.3839
2024-03-07,179.21933,205.30959,205.30959
2024-03-08,178.20015,204.04332,204.04332
2024-03-11,179.3125,205.13492,205.13492
2024-03-12,179.9932,206.86403,206.86403
2024-03-13,179.6837,206.35753,206.35753
2024-03-14,179.40611,206.02568,206.02568
2024-03-15,179.17583,205.49297,205.49297
2024-03-18,179.606,206.47978,206.47978
2024-03-19,180.99673,208.75906,208.75906
2024-03-20,182.52823,210.25238,210.25238
2024-03-21,183.83388,211.15187,211.15187
2024-03-22,183.68639,211.1606,211.1606
2024-03-25,182.99847,210.17378,210.17378
2024-03-26,182.94011,210.45323,210.45323
2024-03-27,185.75714,213.16042,213.16042
2024-03-28,186.92569,214.14723,214.14723
2024-04-02,185.36253,211.99022,211.99022
2024-04-03,184.30492,210.8986,210.8986
2024-04-04,181.64299,207.43167,207.43167
2024-04-05,183.73213,210.6541,210.6541
2024-04-08,183.14403,209.26556,209.26556
2024-04-09,183.46266,208.36609,208.36609
2024-04-10,182.7183,208.12157,208.12157
2024-04-11,183.35086,206.89023,206.89023
2024-04-12,181.81046,205.35324,205.35324
2024-04-15,180.82318,203.92105,203.92105
2024-04-16,180.02774,203.72893,203.72893
2024-04-17,179.54993,202.81198,202.81198
2024-04-18,179.34059,202.45393,202.45393
2024-04-19,180.20691,202.94298,202.94298
2024-04-22,182.0071,204.84674,204.84674
2024-04-23,182.48592,205.58029,205.58029
2024-04-24,182.84192,206.01694,206.01694
2024-04-25,182.0416,204.27037,204.27037
2024-04-26,182.63182,204.65462,204.65462
2024-04-29,182.8968,205.14366,205.14366
2024-04-30,180.77698,202.27928,202.27928
2024-05-02,181.19742,202.77705,202.77705
2024-05-03,180.96628,202.68098,202.68098
2024-05-06,181.97899,204.42757,204.42757
2024-05-07,182.4457,205.07379,205.07379
2024-05-08,183.22058,205.81609,205.81609
2024-05-10,185.02812,208.04297,208.04297
2024-05-13,184.20534,206.51471,206.51471
2024-05-14,184.59657,206.47105,206.47105
2024-05-15,185.65773,207.1522,207.1522
2024-05-16,185.24042,207.13475,207.13475
2024-05-17,185.57187,208.01677,208.01677
2024-05-21,185.29922,207.40547,207.40547
2024-05-22,185.1733,207.47533,207.47533
2024-05-23,182.82681,205.51917,205.51917
2024-05-24,183.27109,205.69383,205.69383
2024-05-28,181.51714,203.02158,203.02158
2024-05-29,180.45511,202.48013,202.48013
2024-05-30,180.88336,202.33168,202.33168
2024-05-31,183.07968,205.37071,205.37071
2024-06-03,181.88663,204.06078,204.06078
2024-06-04,181.52203,203.825,203.825
2024-06-05,182.58037,205.28339,205.28339
2024-06-06,182.18796,205.23972,205.23972
2024-06-07,182.96452,206.26146,206.26146
2024-06-10,184.72775,208.08662,208.08662
2024-06-11,183.91461,207.58012,207.58012
2024-06-12,182.25859,204.97774,204.97774
2024-06-13,183.86795,207.24828,207.24828
2024-06-14,184.66705,207.9469,207.9469
2024-06-17,185.41502,209.57996,209.57996
2024-06-18,185.61714,210.64536,210.64536
2024-06-20,186.1961,211.04707,211.04707
2024-06-21,186.67302,211.70204,211.70204
2024-06-24,186.92369,212.00769,212.00769
2024-06-25,185.90465,211.16933,211.16933
2024-06-26,185.68492,210.40083,210.40083
2024-06-27,185.01488,209.28304,209.28304
2024-06-28,185.33409,207.99057,207.99057
2024-07-01,184.23578,207.388,207.388
2024-07-02,184.5956,207.58885,207.58885
2024-07-03,183.78142,206.13046,206.13046
2024-07-05,183.16652,205.99074,205.99074
2024-07-08,183.22621,206.50598,206.50598
2024-07-09,183.39029,206.97755,206.97755
2024-07-10,185.01277,209.05598,209.05598
2024-07-11,185.73442,208.6892,208.6892
2024-07-12,186.39224,209.51881,209.51881
2024-07-15,186.8073,209.84193,209.84193
2024-07-16,190.39023,213.68439,213.68439
2024-07-17,189.77518,212.39194,212.39194
2024-07-18,188.59555,211.30905,211.30905
2024-07-19,187.62471,209.42276,209.42276
2024-07-22,188.6733,211.24792,211.24792
2024-07-23,188.57983,210.28731,210.28731
2024-07-24,187.12018,208.83766,208.83766
2024-07-25,187.58664,209.18697,209.18697
2024-07-26,190.14813,213.11676,213.11676
2024-07-29,190.7263,213.85031,213.85031
2024-07-30,191.51471,214.48782,214.48782
2024-07-31,192.29382,214.75853,214.75853
2024-08-01,190.70007,214.65375,214.65375
2024-08-02,185.76735,210.19998,210.19998
2024-08-05,180.39957,203.44075,203.44075
2024-08-06,182.64655,205.57156,205.57156
2024-08-07,181.48015,204.89914,204.89914
2024-08-08,185.17929,208.40974,208.40974
2024-08-09,185.16678,209.06471,209.06471
2024-08-12,184.3146,207.92944,207.92944
2024-08-13,185.92697,209.63234,209.63234
2024-08-14,185.50046,210.04279,210.04279
2024-08-16,188.94667,213.94638,213.94638
2024-08-19,188.94995,214.1909,214.1909
2024-08-20,187.47615,213.07309,213.07309
2024-08-21,188.14638,214.1909,214.1909
2024-08-22,187.96321,213.83286,213.83286
2024-08-23,189.12192,214.86333,214.86333
2024-08-26,189.32944,214.7236,214.7236
2024-08-27,189.5711,215.0642,215.0642
2024-08-28,189.77666,216.05974,216.05974
2024-08-29,191.43924,217.53558,217.53558
2024-08-30,193.28215,219.77994,219.77994
2024-09-03,191.56926,218.50493,218.50493
2024-09-04,190.72368,216.98541,216.98541
2024-09-05,189.5058,214.776,214.776
2024-09-06,186.49431,211.51865,211.51865
2024-09-09,189.78622,215.29997,215.29997
2024-09-10,190.4311,215.80647,215.80647
2024-09-11,190.56653,215.89381,215.89381
2024-09-12,190.95956,217.10768,217.10768
2024-09-13,191.5696,218.35648,218.35648
2024-09-16,192.38441,219.46555,219.46555
2024-09-17,192.3011,218.74945,218.74945
2024-09-18,191.92014,217.90236,217.90236
2024-09-19,193.60811,219.43062,219.43062
2024-09-20,193.10352,219.2385,219.2385
2024-09-23,194.04121,220.31264,220.31264
2024-09-24,193.83344,219.0551,219.0551
2024-09-25,192.33813,217.62291,217.62291
2024-09-26,193.6104,218.35648,218.35648
2024-09-27,194.03316,218.48747,218.48747
2024-09-30,194.9167,219.83234,219.83234
2024-10-01,195.68007,220.67941,220.67941
2024-10-02,196.36575,220.93266,220.93266
2024-10-03,195.90094,220.20784,220.20784
2024-10-04,198.179,223.22067,223.22067
2024-10-07,196.62029,220.12051,220.12051
2024-10-08,197.07281,221.91075,221.91075
2024-10-09,199.14111,224.6354,224.6354
2024-10-10,198.8901,224.09396,224.09396
2024-10-11,200.45647,225.8318,225.8318
2024-10-14,202.27975,228.39926,228.39926
2024-10-15,201.4256,227.79669,227.79669
2024-10-16,203.43364,229.99738,229.99738
2024-10-17,204.33194,230.41656,230.41656
2024-10-18,204.04985,229.80525,229.80525
2024-10-21,202.5604,228.29448,228.29448
2024-10-22,202.75075,227.56091,227.56091
2024-10-23,202.84785,227.24654,227.24654
2024-10-24,201.9689,226.79242,226.79242
2024-10-25,199.99878,223.23814,223.23814
2024-10-28,201.2405,224.39088,224.39088
2024-10-29,200.59659,223.73592,223.73592
2024-10-30,199.18454,222.17273,222.17273
2024-10-31,197.92792,219.56161,219.56161
2024-11-04,196.7157,219.40442,219.40442
2024-11-05,198.7873,222.18147,222.18147
2024-11-06,206.90578,231.99721,231.99721
2024-11-07,205.11319,230.92307,230.92307
2024-11-08,207.40054,234.19789,234.19789
2024-11-11,209.96217,236.74788,236.74788
2024-11-12,208.98532,236.4859,236.4859
2024-11-13,209.60765,237.00987,237.00987
2024-11-14,208.57512,235.11484,235.11484
2024-11-15,208.50754,234.44241,234.44241
2024-11-18,208.71393,234.69566,234.69566
2024-11-19,207.64558,234.0407,234.0407
2024-11-20,209.31438,237.59497,237.59497
2024-11-21,211.88387,241.46362,241.46362
2024-11-22,215.63924,245.33229,245.33229
2024-11-25,215.44086,245.27989,245.27989
2024-11-26,215.54625,246.99153,246.99153
2024-11-27,213.76149,244.5376,244.5376
2024-11-29,214.37428,245.30609,245.30609
2024-12-02,215.11702,246.39769,246.39769
2024-12-03,212.97157,244.31055,244.31055
2024-12-04,212.26186,244.03108,244.03108
2024-12-05,210.61082,242.78229,242.78229
2024-12-06,210.16882,242.39804,242.39804
2024-12-09,208.3203,238.45952,238.45952
2024-12-10,208.97945,238.72151,238.72151
2024-12-11,208.65126,238.65164,238.65164
2024-12-12,208.08232,238.3198,238.3198
2024-12-13,207.21545,237.76962,237.76962
2024-12-16,205.48944,236.63435,236.63435
2024-12-17,204.50856,235.56021,235.56021
2024-12-18,199.87256,229.54327,229.54327
2024-12-19,200.8507,230.88814,230.88814
2024-12-20,202.91513,233.14995,233.14995
2024-12-23,203.49709,234.0669,234.0669
2024-12-24,205.08423,235.80473,235.80473
2024-12-27,203.54794,233.377,233.377
2024-12-30,202.35669,231.75269,231.75269
2024-12-31,203.32774,232.06706,232.06706
